url	first_seen	portal	title	company	status	location
https://job-boards.greenhouse.io/anthropic/jobs/5123851008	2026-06-15	greenhouse-api	Infrastructure Tax Lead	Anthropic	added	Remote-Friendly (Travel-Required) | San Francisco, CA | New York City, NY
https://job-boards.greenhouse.io/anthropic/jobs/5255853008	2026-06-15	greenhouse-api	IT Systems Engineer, Client Platform Engineer	Anthropic	added	Boston, MA; New York City, NY; Remote-Friendly (Travel-Required) |  Washington, DC
https://job-boards.greenhouse.io/anthropic/jobs/5161882008	2026-06-15	greenhouse-api	IT Systems Engineer, Enterprise SaaS	Anthropic	added	Remote-Friendly (Travel-Required) | San Francisco, CA | Seattle, WA
https://job-boards.eu.greenhouse.io/parloa/jobs/4861828101	2026-06-15	greenhouse-api	Senior/Lead Technical Support Engineer	Parloa	added	Remotely in Malaysia
https://job-boards.greenhouse.io/runpod/jobs/5197173008	2026-06-15	greenhouse-api	Senior Procurement Officer (Supply, Cloud Infrastructure)	RunPod	added	Remote, USA
https://job-boards.greenhouse.io/runpod/jobs/5229443008	2026-06-15	greenhouse-api	Site Reliability Engineer	RunPod	added	Remote, USA
https://job-boards.greenhouse.io/runpod/jobs/5171627008	2026-06-15	greenhouse-api	Technical Support Analyst (L2)	RunPod	added	Remote, Europe 
https://job-boards.greenhouse.io/arizeai/jobs/5997089004	2026-06-15	greenhouse-api	IT Support Specialist	Arize AI	added	Remote (San Francisco)
https://job-boards.greenhouse.io/airtable/jobs/8400388002	2026-06-15	greenhouse-api	Software Engineer, Infrastructure (8+ YOE)	Airtable	added	San Francisco, CA; New York, NY; Remote - US (Seattle, WA only)
https://jobs.ashbyhq.com/deepgram/f424ef6a-c27f-4984-9e77-40a1ad16ae28	2026-06-15	ashby-api	Site Reliability Engineer - AI & ML Infrastructure (Kubernetes, AWS & Terraform)	Deepgram	added	USA | Remote
https://jobs.ashbyhq.com/deepgram/7ced4c1f-4126-44fe-9cf1-da427a9e4e3e	2026-06-15	ashby-api	ML Ops Infrastructure Engineer	Deepgram	added	USA | Remote
https://jobs.ashbyhq.com/deepgram/b4c48280-9b6c-4545-be49-b33e0b6076cd	2026-06-15	ashby-api	Network Engineer, Real-Time Infrastructure	Deepgram	added	USA | Remote
https://jobs.ashbyhq.com/deepgram/ff392127-1eb6-4fc7-838e-a3243923ba76	2026-06-15	ashby-api	Systems Architect AI/ML Infrastructure	Deepgram	added	USA | Remote
https://jobs.ashbyhq.com/deepgram/378e83b4-28c0-4b4e-8cf0-9355712bd06d	2026-06-15	ashby-api	Billing & Analytics Software Engineer	Deepgram	added	USA | Remote
https://jobs.ashbyhq.com/deepgram/ae992d89-1bb3-4bea-ae91-0a07043e9756	2026-06-15	ashby-api	Senior Data Intelligence Engineer	Deepgram	added	USA | Remote
https://jobs.ashbyhq.com/deepgram/2baf2ee6-3cb2-4d86-9623-165a959be79f	2026-06-15	ashby-api	Director, Technical Accounting & Financial Reporting	Deepgram	added	USA | Remote
https://jobs.ashbyhq.com/pinecone/7261adcb-026d-4552-8f89-7a46156c40c5	2026-06-15	ashby-api	Staff/Principal Product Manager, Database	Pinecone	added	US Remote
https://jobs.ashbyhq.com/pinecone/7ef089cb-a721-4ad8-a6d0-c390e64991d2	2026-06-15	ashby-api	Senior/Staff Software Engineer, Search & Retrieval Infrastructure	Pinecone	added	US Remote
https://coreweave.com/careers/job?4624132006&board=coreweave&gh_jid=4624132006	2026-06-15	greenhouse-api	Staff Software Engineer, Infrastructure - Marimo	Weights & Biases (CoreWeave)	added	Livingston, NJ / New York, NY / San Francisco, CA/ Sunnyvale, CA / Bellevue, WA / Remote - US
https://jobs.ashbyhq.com/photoroom/0138732d-6f29-4332-bcc7-de9d680e4d39	2026-06-15	ashby-api	Senior Site Reliability Engineer	Photoroom	added	Paris | Remote
https://jobs.ashbyhq.com/synthesia/73b423b5-0fcc-422e-9490-0bb22bcd5a4e	2026-06-15	ashby-api	Technical Support Associate	Synthesia	added	US Remote
https://jobs.ashbyhq.com/synthesia/c6b9462f-91b7-404d-ae28-5bfb950611ba	2026-06-15	ashby-api	Technical Support Specialist - German Speaking	Synthesia	added	UK Remote
https://job-boards.eu.greenhouse.io/amplemarket/jobs/4108094101	2026-06-15	greenhouse-api	Spontaneous Application - Data Engineer	Amplemarket	added	Remote, EMEA/LATAM
https://job-boards.eu.greenhouse.io/amplemarket/jobs/4066888101	2026-06-15	greenhouse-api	Spontaneous Application - Infrastructure Engineer	Amplemarket	added	Remote, EMEA/LATAM
https://jobs.lever.co/mistral/cb2986cc-4768-40b9-9d67-e53d78b247dc	2026-06-15	lever-api	Applied AI, Technical Lead, Forward Deployed AI Engineer - Abu Dhabi	Mistral AI	added	Abu Dhabi
https://jobs.ashbyhq.com/resend/7c0abe7b-04a4-4876-9803-7c07acc869d1	2026-06-15	ashby-api	Data Analyst, Trust & Safety	Resend	added	Americas / Remote / Full-time
https://jobs.ashbyhq.com/resend/5e70f3a9-d7c9-4a69-81b1-765fdf117492	2026-06-15	ashby-api	Deliverability Engineer, Core Sending	Resend	added	Americas / Remote / Full-time
https://jobs.ashbyhq.com/supabase/f18b1173-51c3-4ff6-bcda-89f8111931f4	2026-06-15	ashby-api	Database Support Engineer (AMER)	Supabase	added	Remote
https://jobs.ashbyhq.com/supabase/3889002e-536e-4046-a330-70e942b0cc96	2026-06-15	ashby-api	Database Support Engineer (EMEA)	Supabase	added	Remote
https://jobs.ashbyhq.com/supabase/62945518-2468-4cf5-9f36-904b60f75183	2026-06-15	ashby-api	Database Support Engineer (APAC)	Supabase	added	Remote
https://jobs.ashbyhq.com/supabase/47282e37-34dc-401d-a1cd-dbe85fdd1c22	2026-06-15	ashby-api	Product Manager - Pricing & Billing	Supabase	added	Remote
https://jobs.ashbyhq.com/supabase/e7e19db2-8735-428b-bf22-c7109a3e336a	2026-06-15	ashby-api	Staff Data Analyst, GTM	Supabase	added	Remote
https://jobs.ashbyhq.com/supabase/47bcfdb8-b954-423e-8a9e-85256434575c	2026-06-15	ashby-api	Product Manager - Infrastructure	Supabase	added	Remote
https://jobs.ashbyhq.com/supabase/3d788231-c984-4bf7-bd8f-ca242988db4f	2026-06-15	ashby-api	Head of Observability	Supabase	added	Remote
https://jobs.ashbyhq.com/inngest/ae72d036-b98b-4abb-8454-a687870cf0ca	2026-06-15	ashby-api	Distributed Systems Engineer - Platform	Inngest	added	US/Remote
https://job-boards.greenhouse.io/hightouch/jobs/5718912004	2026-06-15	greenhouse-api	Forward Deployed Marketing Data Scientist	Hightouch	added	Remote (North America)
